{"cameraMode":{"drawMode":0,"name":"Shaded","section":"Shading Mode"},"sceneLighting":false,"audioPlay":false,"sceneViewState":{"showFog":true,"showMaterialUpdate":false,"showSkybox":true,"showFlares":true,"showImageEffects":true,"showParticleSystems":true},"in2DMode":false,"pivot":{"x":7.450580596923828e-9,"y":1.0,"z":1.0769975185394288},"rotation":{"x":-0.06894443929195404,"y":-0.0071854800917208199,"z":0.0005013459594920278,"w":-0.9976096749305725},"size":4.045360088348389,"orthographic":false}