{"cameraMode":{"drawMode":0,"name":"Shaded","section":"Shading Mode"},"sceneLighting":false,"audioPlay":false,"sceneViewState":{"showFog":true,"showMaterialUpdate":false,"showSkybox":false,"showFlares":true,"showImageEffects":true,"showParticleSystems":true},"in2DMode":false,"pivot":{"x":-0.5260193347930908,"y":0.5618935823440552,"z":0.06158876419067383},"rotation":{"x":-0.013802037574350834,"y":0.9755454659461975,"z":-0.2097763568162918,"w":-0.0641850009560585},"size":1.4028756618499756,"orthographic":false}