{"cameraMode":{"drawMode":0,"name":"Shaded","section":"Shading Mode"},"sceneLighting":false,"audioPlay":false,"sceneViewState":{"showFog":true,"showMaterialUpdate":false,"showSkybox":true,"showFlares":true,"showImageEffects":true,"showParticleSystems":true},"in2DMode":false,"pivot":{"x":-1.309341549873352,"y":3.7118473052978517,"z":-10.874028205871582},"rotation":{"x":-0.5001135468482971,"y":0.057325344532728198,"z":-0.03320537135004997,"w":-0.8634255528450012},"size":19.881357192993165,"orthographic":false}