{"cameraMode":{"drawMode":0,"name":"Shaded","section":"Shading Mode"},"sceneLighting":false,"audioPlay":false,"sceneViewState":{"showFog":true,"showMaterialUpdate":false,"showSkybox":true,"showFlares":true,"showImageEffects":true,"showParticleSystems":true},"in2DMode":false,"pivot":{"x":-0.18709108233451844,"y":1.268425464630127,"z":0.8875959515571594},"rotation":{"x":-0.005022456869482994,"y":0.9935727119445801,"z":-0.1020081639289856,"w":-0.04892248287796974},"size":0.4937902092933655,"orthographic":false}