{"cameraMode":{"drawMode":0,"name":"Shaded","section":"Shading Mode"},"sceneLighting":false,"audioPlay":false,"sceneViewState":{"showFog":true,"showMaterialUpdate":false,"showSkybox":false,"showFlares":true,"showImageEffects":true,"showParticleSystems":true},"in2DMode":false,"pivot":{"x":-0.07713228464126587,"y":7.3712921142578129,"z":-0.31046462059020998},"rotation":{"x":-0.12852206826210023,"y":0.8713521361351013,"z":-0.3267959952354431,"w":-0.3426845669746399},"size":9.919774055480957,"orthographic":false}