{"cameraMode":{"drawMode":0,"name":"Shaded","section":"Shading Mode"},"sceneLighting":false,"audioPlay":false,"sceneViewState":{"showFog":true,"showMaterialUpdate":false,"showSkybox":false,"showFlares":true,"showImageEffects":true,"showParticleSystems":true},"in2DMode":false,"pivot":{"x":2.384185791015625e-7,"y":0.8647274374961853,"z":-0.005761921405792236},"rotation":{"x":-0.23184022307395936,"y":0.7666549682617188,"z":-0.39505502581596377,"w":-0.44991692900657656},"size":1.354169487953186,"orthographic":false}